"Timestamp","Are you a fresher?","Do you want the college to reopen?","How many semesters have you spent on MS Teams?","Do you miss offline classes?","Do you think we should get more holidays/semester breaks?","Do you think online classes are affecting our mental health?","Do you face technical difficulties while attending online classes?","Do you think we are missing a lot of learning opportunities because of these online classes?","How was your experience of exams conducted on Codetantra?","Do you think 2 hours are enough for solving the FAT questions?"
"2022/01/16 9:27:16 PM GMT+5:30","No","Yes","more than 3 semesters","Yes","Strongly Disagree","Disagree","Rarely","Disagree","Excellent","Strongly Agree"
"2022/01/16 9:28:59 PM GMT+5:30","No","Yes","3 semesters;more than 3 semesters","Yes","Strongly Agree","Strongly Agree","Very often","Strongly Agree","Nice","Maybe"
"2022/01/16 9:29:05 PM GMT+5:30","No","Yes","3 semesters","Yes","Agree","Strongly Agree","Very often","Strongly Agree","Good","Maybe"
"2022/01/16 9:29:17 PM GMT+5:30","No","No","3 semesters","No","Strongly Agree","Maybe;Agree","Rarely","Maybe","Bad","Strongly Disagree"
"2022/01/16 9:29:44 PM GMT+5:30","No","No","more than 3 semesters","No","Strongly Agree","Strongly Agree","Rarely","Strongly Agree","Very bad","Strongly Disagree"
"2022/01/16 9:29:53 PM GMT+5:30","No","Yes","3 semesters","Yes","Strongly Agree","Strongly Agree","Rarely","Strongly Agree","Bad","Maybe"
"2022/01/16 9:30:16 PM GMT+5:30","No","Yes","more than 3 semesters","Yes","Strongly Agree","Strongly Agree","Rarely","Strongly Agree","Bad","Strongly Disagree"
"2022/01/16 9:30:17 PM GMT+5:30","Yes","Yes","1 semester","Yes","Agree","Maybe","Very often","Strongly Agree","Nice","Maybe"
"2022/01/16 9:31:16 PM GMT+5:30","No","No","3 semesters","No","Strongly Agree","Agree","Rarely","Agree","Very bad","Strongly Disagree"
"2022/01/16 9:31:41 PM GMT+5:30","No","Yes","more than 3 semesters","Yes","Strongly Agree","Strongly Agree","Very often","Strongly Agree","Very bad","Maybe"
"2022/01/16 9:32:13 PM GMT+5:30","Yes","No","1 semester","No","Strongly Agree","Strongly Agree","Rarely","Agree","Very bad","Maybe"
"2022/01/16 9:34:07 PM GMT+5:30","No","Yes","3 semesters;more than 3 semesters","Yes","Strongly Agree","Strongly Agree","Rarely","Agree","Nice","Agree"
"2022/01/16 9:34:13 PM GMT+5:30","No","Yes","more than 3 semesters","Yes","Strongly Agree","Strongly Agree","Rarely","Strongly Agree","Good","Strongly Agree"
"2022/01/16 9:35:30 PM GMT+5:30","No","Yes","3 semesters","Yes","Maybe","Strongly Agree","Very often","Strongly Agree","Bad","Disagree"
"2022/01/16 9:35:45 PM GMT+5:30","Yes","Yes","1 semester","Yes","Strongly Agree","Strongly Agree","Very often","Strongly Agree","Nice","Disagree"
"2022/01/16 9:35:55 PM GMT+5:30","Yes","Yes","1 semester","Yes","Maybe","Agree","Rarely","Strongly Agree","Nice","Maybe"
"2022/01/16 9:36:45 PM GMT+5:30","Yes;No","Yes;No","1 semester;2 semesters;3 semesters;more than 3 semesters","Yes;No","Strongly Disagree;Disagree;Maybe;Agree;Strongly Agree","Strongly Disagree;Disagree;Maybe;Agree;Strongly Agree","Very often;Rarely","Strongly Disagree;Disagree;Maybe;Agree;Strongly Agree","Very bad;Bad;Nice;Good;Excellent","Strongly Disagree;Disagree;Maybe;Agree;Strongly Agree"
"2022/01/16 9:37:20 PM GMT+5:30","Yes","Yes;No","1 semester","No","Strongly Agree","Agree","Very often","Agree","Good","Maybe"
"2022/01/16 9:37:45 PM GMT+5:30","No","No","3 semesters","No","Strongly Agree","Maybe","Very often","Maybe","Nice","Disagree"
"2022/01/16 9:38:06 PM GMT+5:30","No","Yes","more than 3 semesters","Yes;No","Agree;Strongly Agree","Agree;Strongly Agree","Rarely","Agree;Strongly Agree","Very bad;Bad;Nice;Good;Excellent","Strongly Disagree;Disagree"
"2022/01/16 9:38:17 PM GMT+5:30","No","Yes","3 semesters","Yes","Strongly Agree","Strongly Agree","Very often","Agree","Nice","Maybe"
"2022/01/16 9:39:05 PM GMT+5:30","Yes","Yes","1 semester","Yes","Strongly Agree","Strongly Agree","Very often","Strongly Agree","Good","Strongly Disagree;Disagree"
"2022/01/16 9:39:50 PM GMT+5:30","No","Yes","3 semesters","Yes","Strongly Agree","Strongly Agree","Very often","Strongly Agree","Nice","Maybe"
"2022/01/16 9:41:17 PM GMT+5:30","No","Yes","3 semesters","Yes","Strongly Disagree","Strongly Agree","Very often","Strongly Agree","Very bad","Strongly Disagree"
"2022/01/16 9:41:42 PM GMT+5:30","Yes;No","Yes","3 semesters","No","Agree","Strongly Agree","Very often","Strongly Agree","Good","Agree"
"2022/01/16 9:41:53 PM GMT+5:30","No","Yes;No","more than 3 semesters","Yes;No","Strongly Agree","Strongly Agree","Rarely","Agree","Bad","Disagree"
"2022/01/16 9:42:03 PM GMT+5:30","No","Yes","3 semesters","Yes","Strongly Agree","Strongly Agree","Very often","Strongly Agree","Bad","Disagree"
"2022/01/16 9:42:06 PM GMT+5:30","No","Yes","more than 3 semesters","Yes","Strongly Agree","Strongly Agree","Very often","Strongly Agree","Very bad","Disagree"
"2022/01/16 9:42:07 PM GMT+5:30","No","Yes","more than 3 semesters","Yes","Strongly Agree","Agree","Rarely","Strongly Agree","Bad","Strongly Disagree"
"2022/01/16 9:42:36 PM GMT+5:30","Yes","Yes","1 semester","Yes","Strongly Agree","Maybe","Rarely","Maybe","Nice","Maybe"
"2022/01/16 9:42:38 PM GMT+5:30","No","Yes","3 semesters","Yes","Agree","Strongly Agree","Very often","Strongly Agree","Nice","Disagree"
"2022/01/16 9:42:54 PM GMT+5:30","No","Yes","3 semesters","Yes","Strongly Agree","Strongly Agree","Very often","Agree","Good","Strongly Disagree"
"2022/01/16 9:43:12 PM GMT+5:30","No","Yes","more than 3 semesters","Yes","Strongly Agree","Strongly Agree","Rarely","Strongly Agree","Bad;Nice;Good","Disagree"
"2022/01/16 9:44:23 PM GMT+5:30","No","Yes","more than 3 semesters","Yes","Strongly Agree","Agree","Very often","Agree","Nice","Agree"
"2022/01/16 9:44:24 PM GMT+5:30","No","Yes","3 semesters","Yes","Strongly Agree","Strongly Agree","Rarely","Strongly Agree","Nice","Agree"
"2022/01/16 9:44:25 PM GMT+5:30","No","Yes","more than 3 semesters","Yes","Strongly Agree","Maybe","Rarely","Agree","Bad","Maybe"
"2022/01/16 9:44:32 PM GMT+5:30","Yes","No","1 semester","No","Strongly Agree","Maybe","Rarely","Maybe","Very bad","Strongly Disagree"
"2022/01/16 9:45:10 PM GMT+5:30","Yes","Yes","1 semester","Yes","Strongly Agree","Strongly Agree","Rarely","Strongly Agree","Bad","Disagree"
"2022/01/16 9:45:36 PM GMT+5:30","No","Yes","3 semesters","Yes","Strongly Agree","Maybe","Rarely","Agree","Nice","Agree"
"2022/01/16 9:45:45 PM GMT+5:30","No","Yes","3 semesters","Yes","Strongly Agree","Strongly Agree","Very often","Strongly Agree","Bad","Disagree"
"2022/01/16 9:48:02 PM GMT+5:30","Yes","Yes","1 semester","No","Agree","Maybe","Rarely","Agree","Nice","Agree"
"2022/01/16 9:48:03 PM GMT+5:30","Yes","Yes","3 semesters","Yes","Strongly Agree","Strongly Agree","Very often","Strongly Agree","Good","Disagree"
"2022/01/16 9:48:03 PM GMT+5:30","Yes","No","2 semesters","No","Disagree","Maybe","Very often","Disagree","Excellent","Agree"
"2022/01/16 9:48:23 PM GMT+5:30","Yes","Yes","1 semester","Yes","Strongly Agree","Disagree","Rarely","Agree","Bad","Disagree"
"2022/01/16 9:48:58 PM GMT+5:30","No","Yes","more than 3 semesters","Yes","Strongly Agree","Strongly Agree","Rarely","Strongly Agree","Good","Maybe"
"2022/01/16 9:49:18 PM GMT+5:30","No","Yes","more than 3 semesters","Yes","Agree","Strongly Agree","Very often","Strongly Agree","Bad","Maybe"
"2022/01/16 9:50:19 PM GMT+5:30","No","Yes","more than 3 semesters","Yes","Strongly Agree","Strongly Agree","Very often","Strongly Agree","Very bad","Disagree"
"2022/01/16 9:52:04 PM GMT+5:30","No","Yes","more than 3 semesters","Yes","Agree","Maybe","Very often","Maybe","Bad","Agree"
"2022/01/16 9:52:54 PM GMT+5:30","No","Yes","more than 3 semesters","Yes","Strongly Agree","Maybe","Very often","Disagree","Nice","Maybe"
"2022/01/16 9:53:03 PM GMT+5:30","No","No","3 semesters","No","Strongly Agree","Strongly Agree","Very often","Strongly Agree","Very bad","Strongly Disagree"
"2022/01/16 9:53:55 PM GMT+5:30","No","Yes","more than 3 semesters","Yes","Strongly Agree","Agree","Very often","Strongly Agree","Nice","Disagree"
"2022/01/16 9:54:19 PM GMT+5:30","No","Yes","more than 3 semesters","Yes","Strongly Agree","Strongly Agree","Rarely","Strongly Agree","Very bad","Strongly Disagree"
"2022/01/16 9:54:49 PM GMT+5:30","No","Yes","3 semesters","Yes","Strongly Agree","Strongly Agree","Very often","Strongly Agree","Good","Disagree"
"2022/01/16 10:06:39 PM GMT+5:30","No","Yes","3 semesters","Yes","Agree","Strongly Agree","Very often","Strongly Agree","Very bad","Disagree"
"2022/01/16 10:09:32 PM GMT+5:30","No","No","3 semesters","No","Strongly Agree","Maybe","Very often","Agree","Bad","Disagree"
"2022/01/16 10:15:48 PM GMT+5:30","No","Yes","more than 3 semesters","Yes","Strongly Agree","Strongly Agree","Very often","Strongly Agree","Bad","Agree"
"2022/01/16 10:16:08 PM GMT+5:30","No","Yes","more than 3 semesters","Yes","Strongly Disagree","Strongly Disagree","Very often","Strongly Disagree","Very bad","Strongly Disagree"
"2022/01/16 10:36:28 PM GMT+5:30","No","No","3 semesters","No","Strongly Agree","Strongly Agree","Very often","Strongly Agree","Very bad","Strongly Disagree"
"2022/01/16 10:42:36 PM GMT+5:30","No","Yes","more than 3 semesters","Yes","Strongly Agree","Strongly Agree","Rarely","Strongly Agree","Nice","Maybe"
"2022/01/16 10:54:06 PM GMT+5:30","No","Yes","more than 3 semesters","No","Strongly Agree","Maybe","Rarely","Agree","Good","Disagree"
"2022/01/16 11:00:16 PM GMT+5:30","No","Yes","more than 3 semesters","Yes","Strongly Agree","Strongly Agree","Very often","Strongly Agree","Very bad","Strongly Disagree"
"2022/01/16 11:22:57 PM GMT+5:30","Yes","Yes","1 semester","Yes","Agree","Strongly Disagree","Rarely","Maybe","Nice","Disagree"
"2022/01/16 11:32:14 PM GMT+5:30","No","Yes","more than 3 semesters","Yes","Strongly Agree","Strongly Agree","Very often","Strongly Agree","Very bad","Strongly Disagree"
"2022/01/16 11:48:04 PM GMT+5:30","No","Yes","3 semesters","Yes","Strongly Agree","Agree","Rarely","Maybe","Nice","Disagree"
"2022/01/17 12:02:13 AM GMT+5:30","No","No","more than 3 semesters","No","Strongly Agree","Maybe","Rarely","Agree","Nice","Agree"
"2022/01/17 12:03:31 AM GMT+5:30","No","Yes","more than 3 semesters","Yes","Strongly Agree","Strongly Agree","Rarely","Strongly Agree","Bad","Disagree"
"2022/01/17 12:25:18 AM GMT+5:30","Yes","Yes","1 semester","Yes","Strongly Agree","Strongly Agree","Very often","Strongly Agree","Very bad","Strongly Disagree"
"2022/01/17 12:26:06 AM GMT+5:30","Yes","No","1 semester","No","Strongly Agree","Maybe","Rarely","Maybe","Bad","Disagree"
"2022/01/17 12:29:24 AM GMT+5:30","Yes","Yes","1 semester","Yes","Maybe","Disagree","Very often","Maybe","Bad","Maybe"
"2022/01/17 1:48:04 AM GMT+5:30","No","Yes","more than 3 semesters","Yes","Strongly Agree","Strongly Agree","Very often","Strongly Agree","Good","Strongly Agree"
"2022/01/17 4:24:33 AM GMT+5:30","Yes","Yes","1 semester","Yes","Strongly Agree","Agree","Very often","Agree","Nice","Maybe"